/*
SQLyog Community v11.24 (32 bit)
MySQL - 5.6.16 : Database - toefl
*********************************************************************
*/

/*!40101 SET NAMES utf8 */;

/*!40101 SET SQL_MODE=''*/;

/*!40014 SET @OLD_UNIQUE_CHECKS=@@UNIQUE_CHECKS, UNIQUE_CHECKS=0 */;
/*!40014 SET @OLD_FOREIGN_KEY_CHECKS=@@FOREIGN_KEY_CHECKS, FOREIGN_KEY_CHECKS=0 */;
/*!40101 SET @OLD_SQL_MODE=@@SQL_MODE, SQL_MODE='NO_AUTO_VALUE_ON_ZERO' */;
/*!40111 SET @OLD_SQL_NOTES=@@SQL_NOTES, SQL_NOTES=0 */;
CREATE DATABASE /*!32312 IF NOT EXISTS*/`toefl` /*!40100 DEFAULT CHARACTER SET latin1 */;

USE `toefl`;

/*Table structure for table `t_file` */

DROP TABLE IF EXISTS `t_file`;

CREATE TABLE `t_file` (
  `id_file` int(11) NOT NULL AUTO_INCREMENT,
  `file` varchar(30) NOT NULL,
  `jenis` char(1) DEFAULT NULL,
  PRIMARY KEY (`id_file`)
) ENGINE=InnoDB AUTO_INCREMENT=152 DEFAULT CHARSET=latin1;

/*Data for the table `t_file` */

insert  into `t_file`(`id_file`,`file`,`jenis`) values (1,'8387-True Worshippers - Ku \'Ka','L'),(2,'3158-rio febrian - jenuh.mp3','L'),(3,'5787-','L'),(4,'440-','L'),(5,'3237-codeofethics2010.pdf','R'),(6,'7155-4.mp3','L'),(7,'7678-','L'),(8,'3661-I-Can-Talk.mp3','L'),(9,'9077-I-Can-Talk.mp3','L'),(10,'192-I-Can-Talk.mp3','L'),(11,'1039-','L'),(12,'6998-This Is Home.mp3','L'),(13,'5032-I-Can-Talk.mp3','L'),(14,'361-I-Can-Talk.mp3','L'),(15,'9592-I-Can-Talk.mp3','L'),(16,'8519-I-Can-Talk.mp3','L'),(17,'7748-I-Can-Talk.mp3','L'),(18,'841-I-Can-Talk.mp3','L'),(19,'3437-I-Can-Talk.mp3','L'),(20,'9700-3.mp3','L'),(21,'2263-This Is Home.mp3','L'),(22,'9020-499-1.mp3','L'),(23,'2147-5971-1.mp3','L'),(24,'648-','R'),(25,'9089-499-1.mp3','L'),(26,'9016-9020-499-1.mp3','L'),(27,'9699-5971-1.mp3','L'),(28,'7349-499-1.mp3','L'),(29,'1078-','L'),(30,'1372-7349-499-1.mp3','L'),(31,'4514-6806-1.mp3','L'),(32,'687-6806-1.mp3','L'),(33,'4057-6806-1.mp3','L'),(34,'3243-4057-6806-1.mp3','L'),(35,'7812-1651-I-Can-Talk.mp3','L'),(36,'4837-6806-1.mp3','L'),(37,'3053-499-1.mp3','L'),(38,'3937-2147-5971-1.mp3','L'),(39,'2369-687-6806-1.mp3','L'),(40,'2225-1372-7349-499-1.mp3','L'),(41,'7332-','R'),(42,'3663-','R'),(43,'1595-','R'),(44,'6592-','R'),(45,'3022-1651-I-Can-Talk.mp3','L'),(46,'5715-','L'),(47,'5180-','L'),(48,'6570-','R'),(49,'2402-3022-1651-I-Can-Talk.mp3','L'),(50,'6163-','R'),(51,'4095-','R'),(52,'9092-','R'),(53,'3459-','R'),(54,'9188-','R'),(55,'5459-','R'),(56,'6140-','R'),(57,'7284-','R'),(58,'4635-','R'),(59,'1121-','R'),(60,'4360-','R'),(61,'4157-','R'),(62,'3-','R'),(63,'8580-','R'),(64,'1252-','R'),(65,'1576-','R'),(66,'2794-','R'),(67,'5335-','R'),(68,'4316-','R'),(69,'7043-','R'),(70,'506-','R'),(71,'8887-','R'),(72,'1052-','R'),(73,'8056-','R'),(74,'641-','R'),(75,'6736-','R'),(76,'8960-','R'),(77,'2116-','R'),(78,'697-','R'),(79,'6382-','R'),(80,'5539-','R'),(81,'6723-','R'),(82,'8175-','R'),(83,'5325-','R'),(84,'8291-','R'),(85,'9377-','R'),(86,'575-','R'),(87,'1065-','R'),(88,'4714-','R'),(89,'7577-','R'),(90,'5397-','R'),(91,'1101-','R'),(92,'2309-','R'),(93,'8825-','R'),(94,'140-','R'),(95,'2935-','R'),(96,'8576-','R'),(97,'619-','R'),(98,'2306-','R'),(99,'4065-','R'),(100,'1015-','R'),(101,'461-','R'),(102,'9296-','R'),(103,'7929-','R'),(104,'247-','R'),(105,'7151-','R'),(106,'2976-','R'),(107,'2994-','R'),(108,'919-','R'),(109,'6397-','R'),(110,'2514-','R'),(111,'6391-','R'),(112,'7438-','R'),(113,'4535-','R'),(114,'4361-','R'),(115,'4926-','R'),(116,'8283-','R'),(117,'2325-','R'),(118,'6116-','R'),(119,'6347-','R'),(120,'324-','R'),(121,'5038-','R'),(122,'4668-','R'),(123,'8083-','R'),(124,'6337-','R'),(125,'172-','R'),(126,'7518-','R'),(127,'991-','R'),(128,'5397-','R'),(129,'5228-','R'),(130,'2164-','R'),(131,'2571-','R'),(132,'5004-','R'),(133,'7706-','R'),(134,'6106-','R'),(135,'322-','R'),(136,'6187-','R'),(137,'7095-','R'),(138,'3330-','R'),(139,'6415-','R'),(140,'6312-','R'),(141,'8919-','R'),(142,'3571-w06s02p_assignment3.pdf','R'),(143,'543-w06s02p_assignment3.pdf','R'),(144,'9495-w06s02p_assignment3.pdf','R'),(145,'1894-I-Can-Talk.mp3','L'),(146,'8716-ipi67280.pdf','R'),(147,'9536-','R'),(148,'9677-1651-I-Can-Talk.mp3','L'),(149,'8621-','R'),(150,'8044-','R'),(151,'172-','R');

/*Table structure for table `t_grade` */

DROP TABLE IF EXISTS `t_grade`;

CREATE TABLE `t_grade` (
  `id_grade` int(11) NOT NULL AUTO_INCREMENT,
  `username` varchar(30) NOT NULL,
  `jawaban` varchar(500) NOT NULL,
  `grade` smallint(6) NOT NULL,
  `deskripsi` varchar(30) DEFAULT NULL,
  PRIMARY KEY (`id_grade`),
  KEY `user-grade` (`username`),
  CONSTRAINT `user-grade` FOREIGN KEY (`username`) REFERENCES `t_user` (`username`) ON DELETE CASCADE ON UPDATE CASCADE
) ENGINE=InnoDB AUTO_INCREMENT=821 DEFAULT CHARSET=latin1;

/*Data for the table `t_grade` */

insert  into `t_grade`(`id_grade`,`username`,`jawaban`,`grade`,`deskripsi`) values (150,'if412011','',0,NULL),(151,'if412011','',0,NULL),(152,'if412011','##a######aa',18,NULL),(153,'if412011','',0,NULL),(154,'if412011','',0,NULL),(155,'if412011','',0,NULL),(156,'if412011','',0,NULL),(157,'if412011','',0,NULL),(158,'if412011','',0,NULL),(159,'if412011','',0,NULL),(160,'if412011','',0,NULL),(161,'if412011','',0,NULL),(162,'if412011','',0,NULL),(163,'if412011','',0,NULL),(164,'if412011','',0,NULL),(165,'if412011','',0,NULL),(166,'admin','',0,NULL),(167,'admin','',0,NULL),(168,'admin','',0,NULL),(169,'admin','',0,NULL),(170,'admin','',0,NULL),(171,'admin','',0,NULL),(172,'admin','',0,NULL),(173,'admin','',0,NULL),(174,'admin','',0,NULL),(175,'admin','',0,NULL),(176,'admin','',0,NULL),(177,'admin','',0,NULL),(178,'admin','',0,NULL),(179,'admin','',0,NULL),(180,'admin','',0,NULL),(181,'admin','',0,NULL),(182,'admin','',0,NULL),(183,'admin','',0,NULL),(184,'admin','',0,NULL),(185,'admin','',0,NULL),(186,'admin','',0,NULL),(187,'admin','b###############d',6,NULL),(188,'admin','',0,NULL),(189,'admin','',0,NULL),(190,'admin','',0,NULL),(191,'admin','',0,NULL),(192,'admin','',0,NULL),(193,'admin','',0,NULL),(194,'admin','',0,NULL),(195,'admin','b',0,NULL),(196,'admin','',0,NULL),(197,'admin','a',0,NULL),(198,'admin','',0,NULL),(199,'admin','d',0,NULL),(200,'admin','',0,NULL),(201,'admin','c',0,NULL),(202,'admin','',0,NULL),(203,'admin','b',0,NULL),(204,'admin','',0,NULL),(205,'admin','',0,NULL),(206,'if412011','',0,NULL),(207,'if412011','ba',0,NULL),(208,'if412011','',0,NULL),(209,'if412011','',0,NULL),(210,'if412011','',0,NULL),(211,'if412011','aa',0,NULL),(212,'if412011','',0,NULL),(213,'if412011','bb',0,NULL),(214,'if412011','bb',0,NULL),(215,'if412011','',0,NULL),(216,'if412011','',0,NULL),(217,'if412011','',0,NULL),(218,'if412011','',0,NULL),(219,'if412011','bb',0,NULL),(220,'if412011','',0,NULL),(221,'if412011','',0,NULL),(222,'if412011','',0,NULL),(223,'if412011','',0,NULL),(224,'if412011','aa',50,NULL),(225,'if412011','',0,NULL),(226,'if412011','ab',0,NULL),(227,'if412011','',0,NULL),(228,'if412011','ba',100,NULL),(229,'if412011','',0,NULL),(230,'if412011','',0,NULL),(231,'admin','',0,NULL),(232,'admin','',0,NULL),(233,'admin','b',100,NULL),(234,'admin','',0,NULL),(235,'admin','',0,NULL),(236,'admin','',0,NULL),(237,'admin','',0,NULL),(238,'admin','',0,NULL),(239,'admin','',0,NULL),(240,'admin','',0,NULL),(241,'admin','',0,NULL),(242,'admin','',0,NULL),(243,'admin','',0,NULL),(244,'admin','',0,NULL),(245,'admin','',0,NULL),(246,'admin','a',0,NULL),(247,'admin','',0,NULL),(248,'admin','',0,NULL),(249,'admin','',0,NULL),(250,'admin','',0,NULL),(251,'admin','',0,NULL),(252,'admin','',0,NULL),(253,'admin','',0,NULL),(254,'admin','a',0,NULL),(255,'admin','a',0,NULL),(256,'admin','a',0,NULL),(257,'admin','a',0,NULL),(258,'admin','a',0,NULL),(259,'admin','a',0,NULL),(260,'admin','',0,NULL),(261,'admin','ab',0,NULL),(262,'admin','ab',0,NULL),(263,'admin','#b',50,NULL),(264,'admin','ab',0,NULL),(265,'admin','',0,NULL),(266,'admin','aa',0,NULL),(267,'admin','b#',50,NULL),(268,'admin','a#',50,NULL),(269,'admin','db',50,NULL),(270,'admin','ab',100,NULL),(271,'admin','ab',100,NULL),(272,'admin','ab',100,NULL),(273,'admin','',0,NULL),(274,'admin','bb',50,NULL),(275,'admin','bb',50,NULL),(276,'admin','',0,NULL),(277,'admin','aa',50,NULL),(278,'admin','aa',50,NULL),(279,'admin','',0,NULL),(280,'admin','ab',100,NULL),(281,'if412011','',0,NULL),(282,'if412011','aa',50,NULL),(283,'if412011','aa',50,NULL),(284,'if412011','aa',50,NULL),(285,'if412011','ab',100,NULL),(286,'if412011','',0,NULL),(287,'if412011','ac',50,NULL),(288,'if412011','',0,NULL),(289,'if412011','ba',0,NULL),(290,'if412011','ab',100,NULL),(291,'if412011','ab',100,NULL),(292,'if412011','ba',0,NULL),(293,'if412011','',0,NULL),(294,'if412011','',0,NULL),(295,'if412011','',0,NULL),(296,'if412011','',0,NULL),(297,'if412011','',0,NULL),(298,'if412011','',0,NULL),(299,'admin','',0,NULL),(300,'admin','',0,NULL),(301,'admin','a',0,NULL),(302,'admin','',0,NULL),(303,'admin','b',100,NULL),(304,'admin','',0,NULL),(305,'admin','ba',0,NULL),(306,'admin','ba',0,NULL),(307,'admin','ba',0,NULL),(308,'admin','ba',0,NULL),(309,'admin','',0,NULL),(310,'admin','',0,NULL),(311,'admin','ba',0,NULL),(312,'admin','ba',0,NULL),(313,'admin','',0,NULL),(314,'admin','ba',0,NULL),(315,'admin','',0,NULL),(316,'admin','ab',100,NULL),(317,'admin','ab',100,NULL),(318,'admin','ab',100,NULL),(319,'admin','',0,NULL),(320,'admin','cb',50,NULL),(321,'admin','',0,NULL),(389,'admin','',0,NULL),(390,'admin','',0,NULL),(391,'admin','',0,NULL),(392,'admin','',0,NULL),(393,'admin','ab',100,NULL),(394,'admin','',0,NULL),(395,'admin','a',100,NULL),(396,'admin','',0,NULL),(397,'admin','b',100,NULL),(398,'admin','',0,NULL),(399,'admin','ba',0,NULL),(400,'admin','',0,NULL),(401,'admin','c',0,NULL),(402,'admin','',0,NULL),(403,'admin','d',0,NULL),(404,'admin','',0,NULL),(405,'admin','ab',100,NULL),(406,'admin','',0,NULL),(407,'admin','a',100,NULL),(408,'admin','',0,NULL),(409,'admin','b',100,NULL),(410,'admin','',0,NULL),(411,'admin','ab',100,NULL),(412,'admin','',0,NULL),(413,'admin','a',100,NULL),(414,'admin','',0,NULL),(415,'admin','b',100,NULL),(416,'admin','',0,NULL),(417,'admin','',0,NULL),(418,'admin','',0,NULL),(419,'admin','',0,NULL),(420,'admin','',0,NULL),(421,'admin','',0,NULL),(422,'admin','',0,NULL),(423,'admin','',0,NULL),(424,'admin','',0,NULL),(425,'admin','',0,NULL),(426,'admin','',0,NULL),(427,'admin','',0,NULL),(428,'admin','',0,NULL),(429,'admin','',0,NULL),(430,'admin','',0,NULL),(431,'admin','',0,NULL),(432,'admin','',0,NULL),(433,'admin','',0,NULL),(434,'admin','',0,NULL),(435,'admin','',0,NULL),(436,'admin','',0,NULL),(437,'admin','',0,NULL),(438,'admin','',0,NULL),(439,'admin','',0,NULL),(440,'admin','',0,NULL),(441,'admin','',0,NULL),(442,'admin','',0,NULL),(443,'admin','',0,NULL),(444,'admin','',0,NULL),(445,'admin','',0,NULL),(446,'admin','',0,NULL),(447,'admin','',0,NULL),(448,'admin','',0,NULL),(449,'admin','',0,NULL),(450,'admin','',0,NULL),(451,'admin','',0,NULL),(452,'admin','',0,NULL),(453,'admin','',0,NULL),(454,'admin','',0,NULL),(455,'admin','',0,NULL),(456,'admin','',0,NULL),(457,'admin','',0,NULL),(458,'admin','',0,NULL),(459,'admin','',0,NULL),(460,'admin','',0,NULL),(461,'admin','',0,NULL),(462,'admin','',0,NULL),(463,'admin','',0,NULL),(464,'admin','',0,NULL),(465,'admin','',0,NULL),(466,'admin','',0,NULL),(467,'admin','',0,NULL),(468,'admin','',0,NULL),(469,'admin','',0,NULL),(470,'admin','',0,NULL),(471,'admin','',0,NULL),(472,'admin','',0,NULL),(473,'admin','',0,NULL),(474,'admin','',0,NULL),(475,'admin','',0,NULL),(476,'admin','',0,NULL),(477,'admin','',0,NULL),(478,'admin','',0,NULL),(479,'admin','',0,NULL),(480,'admin','',0,NULL),(481,'admin','',0,NULL),(482,'admin','',0,NULL),(483,'admin','',0,NULL),(484,'admin','',0,NULL),(485,'admin','',0,NULL),(486,'admin','',0,NULL),(487,'admin','',0,NULL),(488,'admin','',0,NULL),(489,'admin','',0,NULL),(490,'admin','',0,NULL),(491,'admin','',0,NULL),(492,'admin','',0,NULL),(493,'admin','',0,NULL),(494,'admin','',0,NULL),(495,'admin','',0,NULL),(496,'admin','',0,NULL),(497,'admin','',0,NULL),(498,'admin','',0,NULL),(499,'admin','',0,NULL),(500,'admin','',0,NULL),(501,'admin','',0,NULL),(502,'admin','',0,NULL),(503,'admin','',0,NULL),(504,'admin','',0,NULL),(505,'admin','',0,NULL),(506,'admin','',0,NULL),(507,'admin','',0,NULL),(508,'admin','',0,NULL),(509,'admin','',0,NULL),(510,'admin','',0,NULL),(511,'admin','',0,NULL),(512,'admin','',0,NULL),(513,'admin','',0,NULL),(514,'admin','',0,NULL),(515,'admin','',0,NULL),(516,'admin','',0,NULL),(517,'admin','',0,NULL),(518,'admin','',0,NULL),(519,'admin','',0,NULL),(520,'admin','',0,NULL),(521,'admin','',0,NULL),(522,'admin','',0,NULL),(523,'admin','',0,NULL),(524,'admin','',0,NULL),(525,'admin','',0,NULL),(526,'admin','',0,NULL),(527,'admin','',0,NULL),(528,'admin','',0,NULL),(529,'admin','',0,NULL),(530,'admin','',0,NULL),(531,'admin','',0,NULL),(532,'admin','',0,NULL),(533,'admin','',0,NULL),(534,'admin','',0,NULL),(535,'admin','',0,NULL),(536,'admin','',0,NULL),(537,'admin','',0,NULL),(538,'admin','',0,NULL),(539,'admin','',0,NULL),(540,'admin','',0,NULL),(541,'admin','',0,NULL),(542,'admin','',0,NULL),(543,'admin','',0,NULL),(544,'admin','',0,NULL),(545,'admin','',0,NULL),(546,'admin','',0,NULL),(547,'admin','',0,NULL),(548,'admin','',0,NULL),(549,'admin','',0,NULL),(550,'admin','',0,NULL),(551,'admin','',0,NULL),(552,'admin','',0,NULL),(553,'admin','',0,NULL),(554,'admin','',0,NULL),(555,'admin','',0,NULL),(556,'admin','',0,NULL),(557,'admin','',0,NULL),(558,'admin','',0,NULL),(559,'admin','',0,NULL),(560,'admin','',0,NULL),(561,'admin','',0,NULL),(562,'admin','',0,NULL),(563,'admin','',0,NULL),(564,'admin','',0,NULL),(565,'admin','',0,NULL),(566,'admin','',0,NULL),(567,'admin','',0,NULL),(568,'admin','',0,NULL),(569,'admin','',0,NULL),(570,'admin','',0,NULL),(571,'admin','',0,NULL),(572,'admin','',0,NULL),(573,'admin','',0,NULL),(574,'admin','',0,NULL),(575,'admin','',0,NULL),(576,'admin','',0,NULL),(577,'admin','',0,NULL),(578,'admin','',0,NULL),(579,'admin','',0,NULL),(580,'admin','',0,NULL),(581,'admin','',0,NULL),(582,'admin','',0,NULL),(583,'admin','',0,NULL),(584,'admin','',0,NULL),(585,'admin','',0,NULL),(586,'admin','',0,NULL),(587,'admin','',0,NULL),(588,'admin','',0,NULL),(589,'admin','',0,NULL),(590,'admin','',0,NULL),(591,'admin','',0,NULL),(592,'admin','',0,NULL),(593,'admin','',0,NULL),(594,'admin','',0,NULL),(595,'admin','',0,NULL),(596,'admin','',0,NULL),(597,'admin','',0,NULL),(598,'admin','',0,NULL),(599,'admin','',0,NULL),(600,'admin','',0,NULL),(601,'admin','',0,NULL),(602,'admin','',0,NULL),(603,'admin','',0,NULL),(604,'admin','',0,NULL),(605,'admin','',0,NULL),(606,'admin','',0,NULL),(607,'admin','',0,NULL),(608,'admin','',0,NULL),(609,'admin','',0,NULL),(610,'admin','',0,NULL),(611,'admin','',0,NULL),(612,'admin','',0,NULL),(613,'admin','',0,NULL),(614,'admin','',0,NULL),(615,'admin','',0,NULL),(616,'admin','',0,NULL),(617,'admin','',0,NULL),(618,'admin','',0,NULL),(619,'admin','',0,NULL),(620,'admin','',0,NULL),(621,'admin','',0,NULL),(622,'admin','',0,NULL),(623,'admin','',0,NULL),(624,'admin','',0,NULL),(625,'admin','',0,NULL),(626,'admin','',0,NULL),(627,'admin','',0,NULL),(628,'admin','',0,NULL),(629,'admin','',0,NULL),(630,'admin','',0,NULL),(631,'admin','',0,NULL),(632,'admin','',0,NULL),(633,'admin','',0,NULL),(634,'admin','',0,NULL),(635,'admin','',0,NULL),(636,'admin','',0,NULL),(637,'admin','',0,NULL),(638,'admin','',0,NULL),(639,'admin','',0,NULL),(640,'admin','',0,NULL),(641,'admin','',0,NULL),(642,'admin','###ba',20,NULL),(643,'admin','',0,NULL),(644,'admin','',0,NULL),(645,'admin','',0,NULL),(646,'admin','',0,NULL),(647,'admin','###b##############################################',0,NULL),(648,'admin','',0,NULL),(649,'admin','##a#####################################',0,NULL),(650,'admin','',0,NULL),(651,'admin','#b###',0,NULL),(652,'admin','#b###',0,NULL),(653,'admin','',0,NULL),(654,'admin','',0,NULL),(655,'admin','',0,NULL),(656,'admin','',0,NULL),(657,'admin','',0,NULL),(658,'admin','',0,NULL),(659,'admin','',0,NULL),(660,'admin','',0,NULL),(661,'admin','',0,NULL),(662,'admin','',0,NULL),(663,'admin','',0,NULL),(664,'admin','',0,NULL),(665,'admin','',0,NULL),(666,'admin','',0,NULL),(667,'admin','',0,NULL),(668,'admin','',0,NULL),(669,'admin','',0,NULL),(670,'admin','',0,NULL),(671,'admin','',0,NULL),(672,'admin','',0,NULL),(673,'admin','',0,NULL),(674,'admin','',0,NULL),(675,'admin','',0,NULL),(676,'admin','',0,NULL),(677,'admin','',0,NULL),(678,'admin','',0,NULL),(679,'admin','',0,NULL),(680,'admin','',0,NULL),(681,'admin','a#################################################',0,NULL),(682,'admin','',0,NULL),(683,'admin','a#######################################',0,NULL),(684,'admin','',0,NULL),(685,'admin','####d',0,NULL),(686,'admin','',0,NULL),(687,'admin','a#################################################',0,NULL),(688,'admin','',0,NULL),(689,'admin','a#######################################',0,NULL),(690,'admin','',0,NULL),(691,'admin','a####',0,NULL),(692,'admin','',0,NULL),(693,'admin','d#################################################',2,NULL),(694,'admin','',0,NULL),(695,'admin','b#######################################',3,NULL),(696,'admin','',0,NULL),(697,'admin','b####',20,NULL),(698,'admin','',0,NULL),(699,'admin','d#################################################',2,NULL),(700,'admin','',0,NULL),(701,'admin','b#######################################',3,NULL),(702,'admin','',0,NULL),(703,'admin','#c###',20,NULL),(704,'admin','',0,NULL),(705,'admin','d#################################################',2,NULL),(706,'admin','',0,NULL),(707,'admin','b#######################################',3,NULL),(708,'admin','',0,NULL),(709,'admin','b####',20,NULL),(710,'admin','',0,NULL),(711,'admin','a#################################################',0,NULL),(712,'admin','',0,NULL),(713,'admin','a#######################################',0,NULL),(714,'admin','',0,NULL),(715,'admin','a####',0,NULL),(716,'admin','',0,NULL),(717,'admin','a#################################################',0,NULL),(718,'admin','',0,NULL),(719,'admin','a#######################################',0,NULL),(720,'admin','',0,NULL),(721,'admin','a####',0,NULL),(722,'admin','a####',0,NULL),(723,'admin','',0,NULL),(724,'admin','a#################################################',0,NULL),(725,'admin','',0,NULL),(726,'admin','a#######################################',0,NULL),(727,'admin','',0,NULL),(728,'admin','a####',0,NULL),(729,'admin','a####',0,NULL),(730,'admin','a####',0,NULL),(731,'admin','',0,NULL),(732,'admin','',0,NULL),(733,'admin','',0,NULL),(734,'admin','',0,NULL),(735,'admin','',0,NULL),(736,'admin','',0,NULL),(737,'admin','',0,NULL),(738,'admin','',0,NULL),(739,'admin','',0,NULL),(740,'admin','',0,NULL),(741,'admin','',0,NULL),(742,'admin','',0,NULL),(743,'admin','',0,NULL),(744,'admin','',0,NULL),(745,'admin','',0,NULL),(746,'admin','',0,NULL),(747,'admin','',0,NULL),(748,'admin','',0,NULL),(749,'admin','',0,NULL),(750,'admin','',0,NULL),(751,'admin','',0,NULL),(752,'admin','a#################################################',0,NULL),(753,'admin','',0,NULL),(754,'admin','b#######################################',3,NULL),(755,'admin','',0,NULL),(756,'admin','b####',20,NULL),(757,'admin','',0,NULL),(758,'admin','',0,NULL),(759,'admin','',0,NULL),(760,'admin','',0,NULL),(761,'admin','',0,NULL),(762,'admin','',0,NULL),(763,'admin','',0,NULL),(764,'admin','',0,NULL),(765,'admin','',0,NULL),(766,'admin','',0,NULL),(767,'admin','',0,NULL),(768,'admin','',0,NULL),(769,'admin','',0,NULL),(770,'admin','',0,NULL),(771,'admin','',0,NULL),(772,'admin','',0,NULL),(773,'admin','',0,NULL),(774,'admin','',0,NULL),(775,'admin','',0,NULL),(776,'admin','',0,NULL),(777,'admin','',0,NULL),(778,'admin','',0,NULL),(779,'admin','',0,NULL),(780,'admin','',0,NULL),(781,'admin','',0,NULL),(782,'admin','',0,NULL),(783,'admin','',0,NULL),(784,'admin','',0,NULL),(785,'admin','',0,NULL),(786,'admin','',0,NULL),(787,'admin','',0,NULL),(788,'admin','',0,NULL),(789,'admin','',0,NULL),(790,'admin','aba###############################################',2,NULL),(791,'admin','',0,NULL),(792,'admin','bba#####################################',3,NULL),(793,'admin','',0,NULL),(794,'admin','aa###',0,NULL),(795,'admin','aa###',220,NULL),(796,'admin','',0,NULL),(797,'admin','',0,NULL),(798,'admin','',0,NULL),(799,'admin','',0,NULL),(800,'admin','',0,NULL),(801,'admin','',0,NULL),(802,'admin','',0,NULL),(803,'admin','',0,NULL),(804,'admin','',0,NULL),(805,'admin','',0,NULL),(806,'admin','',0,NULL),(807,'admin','',0,NULL),(808,'admin','',0,NULL),(809,'admin','',0,NULL),(810,'admin','',0,NULL),(811,'admin','',0,NULL),(812,'admin','',0,NULL),(813,'admin','',0,NULL),(814,'admin','',0,NULL),(815,'admin','',0,NULL),(816,'admin','',0,NULL),(817,'admin','',0,NULL),(818,'admin','',0,NULL),(819,'admin','',0,NULL),(820,'admin','',0,NULL);

/*Table structure for table `t_modul` */

DROP TABLE IF EXISTS `t_modul`;

CREATE TABLE `t_modul` (
  `id_modul` int(11) NOT NULL AUTO_INCREMENT,
  `nama_modul` varchar(30) NOT NULL,
  `deskripsi_modul` varchar(200) DEFAULT NULL,
  PRIMARY KEY (`id_modul`)
) ENGINE=InnoDB AUTO_INCREMENT=6 DEFAULT CHARSET=latin1;

/*Data for the table `t_modul` */

insert  into `t_modul`(`id_modul`,`nama_modul`,`deskripsi_modul`) values (1,'Listening Comprehensions','Improve your listening skill easily with systematical listening topik and tests.'),(2,'Structure & Written Expression','Test and practice your English vocabulary and enrich it efficiently.'),(3,'Grammar Overview','Practice your English grammar efficiently with many topics from basic to advanced level.'),(4,'Reading Comprehension','Test your reading skills with various reading topics. Reading can help you improve your vocabulary.'),(5,'Playing Comprehension','Test your Game Skills');

/*Table structure for table `t_modultest` */

DROP TABLE IF EXISTS `t_modultest`;

CREATE TABLE `t_modultest` (
  `id_modulTest` int(11) NOT NULL AUTO_INCREMENT,
  `nama_modulTest` varchar(30) NOT NULL,
  `durasi` time NOT NULL,
  `id_toefl` int(11) NOT NULL,
  `time_start` datetime DEFAULT NULL,
  `time_end` datetime DEFAULT NULL,
  PRIMARY KEY (`id_modulTest`),
  KEY `toefl-modulTest` (`id_toefl`),
  CONSTRAINT `toefl-modulTest` FOREIGN KEY (`id_toefl`) REFERENCES `t_toefl` (`id_toefl`) ON DELETE CASCADE ON UPDATE CASCADE
) ENGINE=InnoDB AUTO_INCREMENT=19 DEFAULT CHARSET=latin1;

/*Data for the table `t_modultest` */

insert  into `t_modultest`(`id_modulTest`,`nama_modulTest`,`durasi`,`id_toefl`,`time_start`,`time_end`) values (13,'Listening','00:01:20',2,'2014-06-17 00:00:00','2014-06-28 00:00:00'),(14,'Structure & Written Expression','00:01:20',2,'2014-06-17 00:00:00','2014-06-27 00:00:00'),(15,'Listening Comprehension','00:30:00',1,'2014-06-12 00:00:00','2014-06-13 00:00:00'),(16,'Structure & Written Expression','00:40:00',1,'2014-06-12 00:00:00','2014-06-13 00:00:00'),(17,'Reading Comprehension','00:50:00',1,'2014-06-12 00:00:00','2014-06-13 00:00:00'),(18,'Listening','00:01:20',5,'2014-06-10 00:00:00','2014-06-18 00:00:00');

/*Table structure for table `t_modultestsoal` */

DROP TABLE IF EXISTS `t_modultestsoal`;

CREATE TABLE `t_modultestsoal` (
  `id_modultest` int(11) DEFAULT NULL,
  `id_soal` int(11) DEFAULT NULL,
  KEY `moduletest-soal` (`id_modultest`),
  KEY `soal-modultest` (`id_soal`),
  CONSTRAINT `moduletest-soal` FOREIGN KEY (`id_modultest`) REFERENCES `t_modultest` (`id_modulTest`) ON DELETE CASCADE ON UPDATE CASCADE,
  CONSTRAINT `soal-modultest` FOREIGN KEY (`id_soal`) REFERENCES `t_soal` (`id_soal`) ON DELETE CASCADE ON UPDATE CASCADE
) ENGINE=InnoDB DEFAULT CHARSET=latin1;

/*Data for the table `t_modultestsoal` */

insert  into `t_modultestsoal`(`id_modultest`,`id_soal`) values (14,41),(15,47),(15,48),(15,49),(15,50),(15,51),(15,52),(15,53),(15,54),(15,55),(15,56),(15,57),(15,58),(15,59),(15,60),(15,61),(15,62),(15,63),(15,64),(15,65),(15,66),(15,67),(15,68),(15,69),(15,70),(15,71),(15,72),(15,73),(15,74),(15,75),(15,76),(15,77),(15,78),(15,79),(15,80),(15,81),(15,82),(15,83),(15,84),(15,85),(15,86),(15,87),(15,88),(15,89),(15,90),(15,91),(15,92),(15,93),(15,94),(15,95),(15,96),(16,97),(16,98),(16,99),(16,100),(16,101),(16,102),(16,103),(16,104),(16,105),(16,106),(16,107),(16,108),(16,109),(16,110),(16,111),(16,113),(16,114),(16,115),(16,116),(16,117),(16,118),(16,119),(16,120),(16,121),(16,122),(16,123),(16,124),(16,125),(16,126),(16,127),(16,128),(16,129),(16,130),(16,131),(16,132),(16,133),(16,134),(16,135),(16,136),(16,137),(17,138),(17,139),(17,140),(17,141),(17,142),(18,143),(18,144),(18,145),(18,146);

/*Table structure for table `t_quiz` */

DROP TABLE IF EXISTS `t_quiz`;

CREATE TABLE `t_quiz` (
  `id_quiz` int(11) NOT NULL AUTO_INCREMENT,
  `id_topik` int(11) NOT NULL,
  `judul_quiz` varchar(30) NOT NULL,
  `deskripsi` varchar(50) DEFAULT NULL,
  `durasi` time NOT NULL,
  `time_start` datetime DEFAULT NULL,
  `time_end` datetime DEFAULT NULL,
  PRIMARY KEY (`id_quiz`),
  KEY `topik-quiz` (`id_topik`),
  CONSTRAINT `topik-quiz` FOREIGN KEY (`id_topik`) REFERENCES `t_topik` (`id_topik`) ON DELETE CASCADE ON UPDATE CASCADE
) ENGINE=InnoDB AUTO_INCREMENT=6 DEFAULT CHARSET=latin1;

/*Data for the table `t_quiz` */

insert  into `t_quiz`(`id_quiz`,`id_topik`,`judul_quiz`,`deskripsi`,`durasi`,`time_start`,`time_end`) values (2,10,'Listening 3','Quiz akan ditempuh dalam waktu 60 menit','00:00:00','2014-05-15 00:00:00','2014-05-24 00:00:00'),(3,14,'strc 2','abcedef','00:00:25','2014-05-15 00:00:00','2014-05-15 00:00:00'),(4,10,'Test 2','Coba-coba','00:01:20','2014-05-02 00:00:00','2014-05-22 00:00:00'),(5,11,'Conversation 1','This session will be tell about Long Conversation ','00:40:00','2014-06-11 00:00:00','2014-06-20 00:00:00');

/*Table structure for table `t_quizgrade` */

DROP TABLE IF EXISTS `t_quizgrade`;

CREATE TABLE `t_quizgrade` (
  `id_quiz` int(11) NOT NULL,
  `id_grade` int(11) NOT NULL,
  PRIMARY KEY (`id_quiz`,`id_grade`),
  KEY `conts-gradeGrade` (`id_grade`),
  CONSTRAINT `conts-gradeGrade` FOREIGN KEY (`id_grade`) REFERENCES `t_soal` (`id_soal`) ON DELETE CASCADE ON UPDATE CASCADE,
  CONSTRAINT `conts-quizGrade` FOREIGN KEY (`id_quiz`) REFERENCES `t_quiz` (`id_quiz`) ON DELETE CASCADE ON UPDATE CASCADE
) ENGINE=InnoDB DEFAULT CHARSET=latin1;

/*Data for the table `t_quizgrade` */

/*Table structure for table `t_quizsoal` */

DROP TABLE IF EXISTS `t_quizsoal`;

CREATE TABLE `t_quizsoal` (
  `id_quiz` int(11) NOT NULL,
  `id_soal` int(11) NOT NULL,
  PRIMARY KEY (`id_quiz`,`id_soal`),
  KEY `conts-soal` (`id_soal`),
  CONSTRAINT `conts-quiz` FOREIGN KEY (`id_quiz`) REFERENCES `t_quiz` (`id_quiz`) ON DELETE CASCADE ON UPDATE CASCADE,
  CONSTRAINT `conts-soal` FOREIGN KEY (`id_soal`) REFERENCES `t_soal` (`id_soal`) ON DELETE CASCADE ON UPDATE CASCADE
) ENGINE=InnoDB DEFAULT CHARSET=latin1;

/*Data for the table `t_quizsoal` */

insert  into `t_quizsoal`(`id_quiz`,`id_soal`) values (5,37),(2,40);

/*Table structure for table `t_soal` */

DROP TABLE IF EXISTS `t_soal`;

CREATE TABLE `t_soal` (
  `id_soal` int(11) NOT NULL AUTO_INCREMENT,
  `soal` varchar(300) NOT NULL,
  `id_file` int(11) DEFAULT NULL,
  `jawaban` char(1) NOT NULL,
  `a` varchar(100) NOT NULL,
  `b` varchar(100) NOT NULL,
  `c` varchar(100) NOT NULL,
  `d` varchar(100) NOT NULL,
  `e` varchar(100) DEFAULT NULL,
  `order` smallint(6) NOT NULL,
  PRIMARY KEY (`id_soal`),
  KEY `file-soal` (`id_file`),
  CONSTRAINT `file-soal` FOREIGN KEY (`id_file`) REFERENCES `t_file` (`id_file`) ON DELETE CASCADE ON UPDATE CASCADE
) ENGINE=InnoDB AUTO_INCREMENT=147 DEFAULT CHARSET=latin1;

/*Data for the table `t_soal` */

insert  into `t_soal`(`id_soal`,`soal`,`id_file`,`jawaban`,`a`,`b`,`c`,`d`,`e`,`order`) values (1,'Contoh Update Soal',1,'b','The house is closed up now','He parks his car close to his house','His home is near a park','He doesn?t really like his new house','',1),(2,'<p>Lapet</p>',2,'a','a','b','c','d','e',2),(3,'<p>Who is the founder of Microsoft?</p>',3,'d','Billy Gates','Bukan Bill Gates','Bui Gates','Bill Gates','Jerry',1),(4,'<p>s</p>',4,'a','as','as','as','as','as',3),(5,'<p>Fill Here!</p>',5,'a','gf','gfds','fds','gfds','gfds',4),(6,'<p>Test!!<br /></p>',6,'a','Test1','Test2','Test3','Test4','Test5',12),(7,'<p>Test 2<br /></p>',7,'a','Test1','Test2','Test3','Test4','Test5',12),(8,'<p>Fill Here!axasxaxasxa</p>',8,'b','xska','klk','jnjn','nnn','nnnnnn',78),(9,'<p>Fill Here!</p>',9,'b','A','B','C','D','E',32767),(10,'<p>Fill fofo &nbsp; &nbsp;<br /></p>',10,'a','Aq','ljhakjn',';lknlk','jnxjs','jxankjnxa',32767),(11,'<p>Test 11 &nbsp; &nbsp;<br /></p>',11,'a','as','5678','kjh','bnm','uytr',11),(12,'<p>Test 2 &nbsp; &nbsp;<br /></p>',12,'a','1','2','3','4','5',3124),(30,'<p>Fill Here!</p>',30,'b','a','as','sasa','sasad','dsda',32767),(31,'<p>Fill Here!asxax</p>',31,'b','axsakjn','kjbkjbjh','bjhbhbh','bhbhbhj','hjhbjh',32767),(32,'<p>Fill Here!asxax</p>',32,'b','axsakjn','kjbkjbjh','bjhbhbh','bhbhbhj','hjhbjh',32767),(33,'<p>Fill Here!asxax</p>',33,'b','axsakjn','kjbkjbjh','bjhbhbh','bhbhbhj','hjhbjh',32767),(34,'<p>Fill Here!dcscbjsbcds &nbsp; &nbsp;</p>',34,'b','dcsdsb','jhbjhb','hbhb','jhbj','hbj',32767),(35,'<p>Who is Founder of DEL Institute of Technology?<br /></p>',35,'a','Luhut','Luhur','Luhup','Luhuc','Luhuy',1),(36,'<p>Who is Secretaris of syp_d403 Team.?<br /></p>',36,'b','Jerry','Adre','Angel','Kristopel','Eko',2),(37,'<p>Test 1 &nbsp; &nbsp;<br /></p>',37,'b','as','ad','af','ag','ah',12),(38,'<p>Jawabannya A<br /></p>',38,'a','AAA','BBB','CCC','DDD','EEE',1),(39,'<p>Jawabannya B!<br /></p>',39,'b','AAAAAA','BBBBBB','CCCCCC','DDDDD','EEEEE',1),(40,'<p>Where.?<br /></p>',40,'a','AAA','BBB','CCC','DDD','EEE',10),(41,'<p>A three-foot octopus can crawl through a hole ------ in diameter.</p>',42,'a','than one inch less ','less than one inch ','one less inch than','than less one inch','',1),(42,'<p>A three-foot octopus can crawl through a hole ------ in diameter. <br /></p>',43,'a','than one inch less ','less than one inch','one less inch than','than less one inch','',2),(43,'<p>AAA</p>',44,'a','AAA','BBB','CCC','DDD','',3),(47,'<p>Listen to the Music!</p>',49,'d','He can have more than four guests at his graduation.','His brother isn’t going to graduate this semester.','He didn’t know that Jane wanted to be invited.','He’s going to invite Jane. ','',1),(48,'<p>Listen to the Music Number 1!<br /></p>',50,'d','Listen to the traffic report on the radio ','Take a later train. ','Ron to catch the next train.','Check the weekend schedule. ','',2),(49,'<p>Fill Here!</p>',51,'a','Deliver the notebook to Kathy.','Find out where Kathy put the notebook.','Ask Kathy to explain the chemistry notes.','Ask Kathy for the man’s notebook.','',3),(50,'<p>Fill Here!</p>',52,'c','The walk is shorter than the woman thinks it is. ','The lecture has already started.','They won’t have a problem getting seats.','The lecture may be canceled. ','',4),(51,'<p>Fill Here!</p>',53,'c','The woman should have studied French in Paris.','He didn’t study French in high school.','Living in Paris helped improve the woman’s language skills.','The woman must have had a good French teacher. ','',5),(52,'<p>Fill Here!</p>',54,'b','Apologize to his roommate.','Give the notes to the woman.','Call the woman tonight.','Take the woman’s notes to his roommate. ','',6),(53,'<p>Fill Here!</p>',55,'b','She doesn’t have time to talk to Dr. Foster.','She needs the additional time to finish her paper.','Dr. Foster hasn’t finished grading the papers. ','She wants the man to help her with her paper.','',7),(54,'<p>Fill Here!</p>',56,'a','Phone the Cliffside Inn for a reservation.','Ask her parents to come a different weekend.','Call local hotels again in a few days. ','Find a hotel again in a few days. ','',8),(55,'<p>Fill Here!</p>',57,'d','Mail her some information about the conference.','Drive her to the conference.','Attend the conference in her place. ','Collect her mail while she’s at the conference.','',9),(56,'<p>Fill Here!</p>',58,'c','The man should stop by the bookstore on the way to class. ','The man can return the books he doesn’t need.','The man should have bought his books earlier.','The man won’t need books on the first day of class. ','',10),(57,'<p>Fill Here!</p>',59,'b','Help the man with his essay.','Ask Sue to rehearse with her.','Wait to rehearse until the man has finished hisessay.','Memorize her lines by herself. ','',11),(58,'<p>Fill Here!</p>',60,'b','Show her the newspaper that he’s talking about.','Think about getting an internship at another place.','Sign up for more than one journalism class.','Call The Times about the internship. ','',12),(59,'<p>Fill Here!</p>',61,'d','He isn’t as good a tennis player as he used to be.','He hasn’t had time to play tennis recently.','He caught a cold shortly after the tournament.','He think he’s more important than he is. ','',13),(60,'<p>Fill Here!</p>',62,'c','He’ll graduate before the woman.','He hopes to graduate before the summer.','He doesn’t want to attend school year-round.','The woman won’t be able to keep up the pace. ','',14),(61,'<p>Fill Here!</p>',63,'d','It’s too late to buy the morning newspaper. ','He doesn’t want to go to the concert.','The box office is closed today.','All of the tickets have been sold. ','',15),(62,'<p>Fill Here!</p>',64,'d','The woman swims as well as he does.','He doesn’t have time to teach the woman to swim.','He doesn’t enjoy swimming.','He learned to swim at a young age. ','',16),(63,'<p>Fill Here!</p>',65,'a','She has already started working on her researchproject. ','She can’t decide on a research topic. ','She’d like to discuss her research with the man.','She has to change the subject of her research. ','',17),(64,'<p>Fill Here!</p>',66,'b','Introduce the woman to his neighbor.','Get a key from his neighbor.','Study in his neighbor’s apartment.','Borrow some books from his neighbor. ','',18),(65,'<p>Fill Here!</p>',67,'d','The man shouldn’t hire the same tutor that she had.','She isn’t prepared for the midterm exam either.','It’s too late to find a tutor.','The man should hire a tutor before the midterm exam ','',19),(66,'<p>Fill Here!</p>',68,'b','Stay in the hotel for at least two nights.','Leave the hotel the next morning. ','Ask the hotel clerk for her room key.','Complain to the manager about the extra charges.','',20),(67,'<p>Fill Here!</p>',69,'a','He doesn’t recommend going to Central Mountain.','He doesn’t plan to go skiing during spring break.','He has never been to Central Mountain.','He isn’t an experienced skier.','',21),(68,'<p>Fill Here!</p>',70,'c','She knows who the top history student is. ','She hasn’t read the campus newspaper today. ','The man is mistaken.','It’s surprising that her roommate likes history.','',22),(69,'<p>Fill Here!</p>',71,'d','He’s not qualified to proofread the woman’s report.','He’ll be able to talk to the woman in a few minutes.','He hadn’t noticed a lot of the woman’s mistakes.','He thinks the woman should have asked him sooner. ','',23),(70,'<p>Fill Here!</p>',72,'a','Practice her presentation in front of him.','Find out who her audience will be tomorrow. ','Try not to think about her audience. ','Watch him make his presentation. ','',24),(71,'<p>Fill Here!</p>',73,'d','She’s also curious about who won the game. ','She didn’t go to the game.','She was sitting right behind the man at the game. ','She also left the game early. ','',25),(72,'<p>Fill Here!</p>',74,'b','Make a shopping list.','Buy some groceries.','Finish making the salad.','Wait for the woman to return.','',26),(73,'<p>Fill Here!</p>',75,'c','He finds the dictionary very useful.','He knows where the woman put the dictionary. ','he doesn’t expect the woman to replace the dictionary.','The woman should buy her own dictionary.','',27),(74,'<p>Fill Here!</p>',76,'b','She plans to miss soccer practice. ','She’ll arrive at the party after soccer practice.','Soccer practice will end later than usual. ','She’ll go to soccer practice after the party. ','',28),(75,'<p>Fill Here!</p>',77,'d','Dr. Smith told her something important. ','Dr. Smith didn’t understand what she said.','She wanted to protect Dr. Smith’s feelings. ','She didn’t intend to say what she said. ','',29),(76,'<p>Fill Here!</p>',78,'c','He sells paint supplies.','He plans to take an art class with the woman.','He works as an artist. ','He works in an art museum.','',30),(77,'<p>Fill Here!</p>',79,'d','The cost of meals in the cafeteria. ','The size of the cafeteria.','Career opportunities in cafeterias.','The food served in the cafeteria.','',31),(78,'<p>Fill Here!</p>',80,'d','Giving advice on nutrition.','Cooking food for the students.','Listening to complaints about service.','Serving food to the students. ','',32),(79,'<p>Fill Here!</p>',81,'b','Find other students who will work in the cafeteria.','Collect students’ opinions about meals. ','As students to try a new dish he has made.','Teach students about the disadvantages of frying food. ','',33),(80,'<p>Fill Here!</p>',82,'b','Stop serving hamburgers and fried chicken.','Use less sauce on the food. ','Make some of the meals less fattening.','Buy less expensive food. ','',34),(81,'<p>Fill Here!</p>',83,'a','Somewhat curious. ','Very skeptical.','Quite irritated.','Not at all interested.','',35),(82,'<p>Fill Here!</p>',84,'b','That he’ll be performing in a concert.','That he had a conversation with the director ofa choir.','That he heard a new musical composition by Barbara Johnson.','That he’s been translating some Latin poems fora class.','',36),(83,'<p>Fill Here!</p>',85,'c','They’re members of the Latin club on campus. ','They work as editors. ','They attended the same concert.','Music is their major field of study.','',37),(84,'<p>Fill Here!</p>',86,'d','She was upset. ','She was confused.','She was amused.','She was grateful. ','',38),(85,'<p>Fill Here!</p>',87,'d','Some photographs that he took of her during theconcert.','A tape recording that he made of the concert.','A review of the concert that he wrote for the campus paper.','The corrected text from the program of the concert. ','',39),(86,'<p>Fill Here!</p>',88,'b','The skills cowboys learned on the range. ','The evolution of rodeos.','The recent decline in the popularity of rodeos.','The growth of the cattle industry.','',40),(87,'<p>Fill Here!</p>',89,'a','They were small informal events.','Competitors were awarded large prizes. ','Large audiences attended them.','There were standard rules for judging events. ','',41),(88,'<p>Fill Here!</p>',90,'c','It is the only traveling rodeo.','it is the largest agricultural fair. ','It is the oldest annual rodeo.','It was the first rodeo to charge admission. ','',42),(89,'<p>Fill Here!</p>',91,'c','How animals react to frightening situations.','Why mice are particularly fearful animals. ','Whether fearfulness is a genetic trait. ','Why certain animals are feared by humans.','',43),(90,'<p>Fill Here!</p>',92,'d','They fought with the other mice.','They stayed close to their mothers.','They ran back and forth constantly.','They remained close to one wall. ','',44),(91,'<p>Fill Here!</p>',93,'b','The extent of damage to the nervous system. ','The presence or absence of certain nerve-cell receptors. ','The size of nerve-cell receptors in the brain.','The level of danger in the mammal’s environment. ','',45),(92,'<p>Fill Here!</p>',94,'a','To show the relationship between fearfulness and environment.','To give examples of animals that aren’t fearful.','To compare fear in mammals to fear in other animals.','To identify the nerves that control fear in certain animals. ','',46),(93,'<p>Fill Here!</p>',95,'a','Why water flows from artesian springs.','How artesian wells are drilled.','Why artesian springs are important to geologic research.','How aquifers are formed.','',47),(94,'<p>Fill Here!</p>',96,'d','They pump water from the aquifer.','They purify the water in the aquifer.','They store excess water from the aquifer.','They trap water in the aquifer.','',48),(95,'<p>Fill Here!</p>',97,'b','By eroding layers of sediment above it.','By traveling through cracks in layers of rock. ','By reversing its flow down the aquicludes. ','By boiling up through pores in the aquifer.','',49),(96,'<p>Fill Here!</p>',98,'a','It pushes the water upward. ','It keeps the water cool. ','It holds the water underground. ','It creates holes in the aquiclude. ','',50),(97,'<p>A three-foot octopus can crawl through a hole ------ in diameter.</p>',99,'b','than one inch less','less than one inch','one less inch than','than less one inch','',1),(98,'<p>------ adopted the decimal system of coinage in 1867. <br /></p>',100,'a','Canada','When Canada ','Canada, which','There was Canada','',2),(99,'<p>Generally, the representatives ------ a legislatureare constitutionally elected by a broad spectrum of <br />the population.</p>',101,'b','who they compose','who compose','had compose','compose','',3),(100,'<p>The Actor’s Studio, a professional actors’ workshopin New York City, provides ------where actors <br />can work together without the pressure of commercial production.</p>',102,'b','a place and','a place','so that a place','a place is ','',4),(101,'<p>------ that life began billions of years ago in thewater. <br /></p>',103,'a','It is believed','In the belief','The belief ','Believing ','',5),(102,'<p>By 1872 the United States had 70 engineering <br />colleges, ------ astonishing expansion credited <br />largely to the Morrill Act of 1862.</p>',104,'b','because','an','to which','was','',6),(103,'<p>The artist Romare Bcarden was ------ whose yellows, deep blues, and fuchsias contrasted <br />strongly with photographic gray in his bright collages.</p>',105,'b','with a gift for color','a gifted colorist','a gift with colorful ','gifted with coloring','',7),(104,'<p>The most important chemical catalyst on this planet is chlorophyll, -------carbon dioxide and water<br />react to form carbohydrates.</p>',106,'d','whose presence','which is present','presenting','in the presence of which','',8),(105,'<p>One theory of the origin of the universe is-------from the explosion of a tiny, extremely dense fireball <br />several billion years ago. &nbsp; &nbsp;</p>',107,'c','because what formed','the formation that','that it formed','when forming','',9),(106,'<p>Roads in the United States remained crude,------- with graved or wood planks, until the beginning of <br />the twentieth century.</p>',108,'d','were unsurefaced or they covered them','which unsureface or covered','unsurfaced or covered them','unsurfaced or covered','',10),(107,'<p>Portrait prints were the first reproductions ofAmerican paintings ------- widely distributed in the <br />United States. <br /></p>',109,'d','were','that which','that being','to be','',11),(108,'<p>Abigail Adams was prodigious letter writer, ------- many editions of her letters have been <br />published. &nbsp; &nbsp;</p>',110,'b','who','and','in addition to','due to ','',12),(109,'<p>In geometry, an ellipse may be defined as the locus of all points -------distances from two fixed <br />points is constant.</p>',111,'c','which as the sum of','of the sum which','whose sum of whose','whose sum that the ','',13),(110,'<p>-------at the site of a fort established by theNorthwest Mounted Police, Calgary is now one of <br />Canada’s fastest growing cities.</p>',112,'a','Built ','It is built','To build','Having built','',14),(111,'<p>An image on a national flag can symbolize political ideals that -------express.</p>',113,'d','take many words to otherwise would.','would take to many otherwise words','many words to take would otherwise','would otherwise take many words to','',15),(113,'<p>A <span style=\"text-decoration:underline;\">variation</span> of collodion photography was the tintype, <span style=\"text-decoration:underline;\">which</span> captured images on a black <span style=\"text-decoration:underline;\">or</span> dark brown metal plate <span style=\"text-decoration:underline;\"',117,'d','variation','which','or','instead from','',16),(114,'<p>In cases of minor injury to the brain, amnesia is likely to be a temporarily condition. <br /></p>',118,'d','In cases of','to','likely','temporarily','',17),(115,'<p>The system of chemical symbols, first devised about 1800 gives a concise and instantly recognizable description of a element or compound. <br /></p>',119,'c','system','instantly','a','or','',18),(116,'<p>The fact that white light is light composed of various wavelengths may be demonstrating by dispersing a beam of such light through a prism.</p>',120,'c','The fact that','composed of','demonstrating','such','',19),(117,'<p>Over the course of history, much civilizations developed their own number systems. &nbsp; &nbsp;</p>',121,'b','Over','much','their own','systems','',20),(118,'<p>In the United States during the Second World War, each trade unions and employers avoided federal limits on wages by offering employees nontaxablemedical benefits.</p>',122,'a','each','and','by','employees','',21),(119,'<p>Philosophy is the study of the nature of reality, knowledge, existent, and ethics by means of rational inquiry.</p>',123,'b','the study','existent','ethics','by means','',22),(120,'<p>Poems vary in length from brief lyric poems to narrative or epic poems, which can be as broad in scope than a novel.</p>',124,'d','length','from','narrative','than','',23),(121,'<p>The population of California more than doubled during the period 1940-1960, creating problems in road-building and provide water for its arid southern section. <br /></p>',125,'c','more than','during the','provide','southern section','',24),(122,'<p>Although based it on feudal models, the colony of Pennsylvania developed a reputation for a progressive political and social outlook.</p>',126,'a','based it on','developed','reputation for','progressive political','',25),(123,'<p>Hard and resistant to corrosion, bronze is traditionally used in bell casting and is the material used widely most for metal sculpture. <br /></p>',127,'c','Hard','is traditionally','widely most','sculpture','',26),(124,'<p>The Appalachian Mountains formation a natural barrier between the eastern seaboard and the vast lowlands of the continental interior of North America. </p>',128,'a','formation','between','lowlands','interior','',27),(125,'<p>The United States census for 1970 showed that the French-speaking residents of Louisiana were one of the country’s most compact regional linguistic minority.</p>',129,'d','for','showed that','were','minority','',28),(126,'<p>When used as food additives, antioxidants prevent fats and oils from become rancid when exposed to air, and thus extend their shelf life.</p>',130,'c','When used','additives','become','and thus','',29),(127,'<p>Copper was the first metallic used by humans and is second only to iron in its utility through the ages. <br /></p>',131,'c','metallic','and is','to iron','the ages','',30),(128,'<p>Despite the fact that lemurs are general nocturnal, the ring-tailed lemur travels by day in bands of four to twelve individuals. <br /></p>',132,'b','Despite','general','travels','to','',32),(129,'<p>The Western world is beset with the range of problem that characterize mature, postindustrial societies.</p>',133,'b','with','problem','mature','societies','',33),(130,'<p>Acrylic paints are either applied using a knifeor diluted and spreading with a paintbrush.</p>',134,'d','paints','either','using','spreading','',34),(131,'<p>Some marine invertebrates, such as the sea urchin and the starfish, migrates from deep water to shallow during spring and early summer to spawn.</p>',135,'b','such as the','migrates','to shallow','to spawn','',35),(132,'<p>Some marine invertebrates, such as the sea urchin and the starfish, migrates from deep water to shallow during spring and early summer to spawn.</p>',136,'b','such as the','migrates','to shallow','to spawn','',35),(133,'<p>Marshes, wetland areas characterized by plant grassy growth, are distinguished from swamps, wetlands where trees grown.</p>',137,'b','areas characterized','plant grassy','from','where trees','',36),(134,'<p>Wampum, beads used as a form of exchange by some Native Americans, was made of bits of seashells cut, drill, and strung into belts. <br />C <br /></p>',138,'c','a form','by','bits of ','drill','',37),(135,'<p>Kangaroos use their long and powerful tails forbalance themselves when sitting upright or jumping.</p>',139,'c','their','powerful','for','when sitting','',38),(136,'<p>Proper city planning provides for the distribution of public utilities, public buildings, parks, and recreation centers, and for adequate and the inexpensive housing. <br /></p>',140,'d','provides for','distribution','recreation centers','the inexpensive','',39),(137,'<p>Most traditional dances are made up of a prearranged series of steps and movements, but modern dancers are generally free to move as they choice.</p>',141,'d','Most','made up of','free to','choice','',40),(138,'<p>What does the passage mainly discuss?</p>',142,'b','Differences among marine parks, sanctuaries, and reserves','Various marine conservation programs ','International agreements on coastal protection','Similarities between land and sea protected environments ','',1),(139,'<p>The word “intent” in line 3 is closest in meaning to …. <br /></p>',143,'c','repetition','approval','goal','revision ','',2),(140,'<p>Test 1 &nbsp; &nbsp;<br /></p>',144,'b','asxa','xsaxsa','xsaxsa','xasxa','xasxsa',16),(141,'<p>Fill Here!</p>',145,'b','axsankjn','jnnj','njnjnk','njkjnkj','jnjnjn',123),(142,'<p>Fill Here!axsa &nbsp; &nbsp;</p>',146,'b','axsa','kjnk','jnkjnk','jnk','jnkjn',12312),(143,'Tanpa File<br />',147,'b','AAA','BBB','CCC','DDD','',1),(144,'File Music!<br />',148,'b','AAA','BBB','CCC','DDD','',2),(145,'<p>Fill Here!</p>',150,'b','kjnk','kjnkjn','kjnkjn','kjnkj','nkjnk',123),(146,'<p><img src=\"http://img.baidu.com/hi/jx2/j_0028.gif\" />Fill Here!</p>',151,'c','kjnkjnk','jnkjnkjnk','jnkjnkjnk','jnkjnkjn','jnjjjnj',12341);

/*Table structure for table `t_toefl` */

DROP TABLE IF EXISTS `t_toefl`;

CREATE TABLE `t_toefl` (
  `id_toefl` int(11) NOT NULL AUTO_INCREMENT,
  `judul` varchar(30) NOT NULL,
  `deskripsi` varchar(50) DEFAULT NULL,
  PRIMARY KEY (`id_toefl`)
) ENGINE=InnoDB AUTO_INCREMENT=6 DEFAULT CHARSET=latin1;

/*Data for the table `t_toefl` */

insert  into `t_toefl`(`id_toefl`,`judul`,`deskripsi`) values (1,'Week 1','Come on, Get your Score up to 550'),(2,'Week 2','Ready to Test your English Skill ?'),(3,'Week 3','Are you sure your English is Good ?'),(4,'Week 4','Just Test for Update TOEFL !'),(5,'Ujian 1','Toefl Simulation');

/*Table structure for table `t_toeflgrade` */

DROP TABLE IF EXISTS `t_toeflgrade`;

CREATE TABLE `t_toeflgrade` (
  `id_toefl` int(11) NOT NULL,
  `id_grade` int(11) NOT NULL,
  PRIMARY KEY (`id_toefl`,`id_grade`),
  KEY `conts-grade` (`id_grade`),
  CONSTRAINT `conts-grade` FOREIGN KEY (`id_grade`) REFERENCES `t_grade` (`id_grade`) ON DELETE CASCADE ON UPDATE CASCADE,
  CONSTRAINT `conts-toefl` FOREIGN KEY (`id_toefl`) REFERENCES `t_toefl` (`id_toefl`) ON DELETE CASCADE ON UPDATE CASCADE
) ENGINE=InnoDB DEFAULT CHARSET=latin1;

/*Data for the table `t_toeflgrade` */

/*Table structure for table `t_topik` */

DROP TABLE IF EXISTS `t_topik`;

CREATE TABLE `t_topik` (
  `id_topik` int(11) NOT NULL AUTO_INCREMENT,
  `judul_topik` varchar(30) NOT NULL,
  `materi_topik` text NOT NULL,
  `id_modul` int(11) NOT NULL,
  PRIMARY KEY (`id_topik`),
  KEY `modul-topik` (`id_modul`),
  CONSTRAINT `modul-topik` FOREIGN KEY (`id_modul`) REFERENCES `t_modul` (`id_modul`) ON DELETE CASCADE ON UPDATE CASCADE
) ENGINE=InnoDB AUTO_INCREMENT=16 DEFAULT CHARSET=latin1;

/*Data for the table `t_topik` */

insert  into `t_topik`(`id_topik`,`judul_topik`,`materi_topik`,`id_modul`) values (10,'Short Dialog','<p><strong><span style=\"font-size:16px;\">SKILL 1: RESTATEMENT (Pernyataan Kembali)</span></strong></p><p><span style=\"font-size:14px;\">Seringkali &nbsp;jawaban yang &nbsp;benar &nbsp;untuk &nbsp;sebuah &nbsp;pertanyaan &nbsp;dalam bagian &nbsp;dialog pendek &nbsp;adalah jawaban yang berisi penyajian kembali ide-ide dalam baris terakhir dari dialog.</span></p><p style=\"line-height:normal;\"><strong><span style=\"font-size:14px;\">Example :</span></strong></p><p style=\"line-height:normal;\"><span style=\"font-size:14px;\">On the recording, you hear:</span></p><p style=\"line-height:normal;\"><span style=\"font-size:14px;\">(Woman) &nbsp;Steve, is something the matter? You don’t look very good</span></p><p><span style=\"font-size:14px;\">(Man) &nbsp;Oh, I’m feeling </span><strong><span style=\"font-size:14px;\">a little sick</span></strong><span style=\"font-size:14px;\"> today</span></p><p><span style=\"font-size:14px;\">(Narrator) What does the man mean?</span></p><p><em><span style=\"font-size:14px;\">In your test book you read:</span></em></p><p><span style=\"font-size:14px;\">(A) &nbsp;He?s very good looking</span></p><p><strong><span style=\"font-size:14px;\">(B) &nbsp;He’s a bit ill</span></strong><br /></p><p><span style=\"font-size:14px;\">(C) &nbsp;He looks worse than he feels</span></p><p><span style=\"font-size:14px;\">(D) His feet are a little thick</span></p><p><br /></p><p><strong>Skill 2: NEGATIVES (Pernyataan Negatif)</strong></p><p><span style=\"font-size:14px;\">Pernyataan negatif seringkali digunakan dalam dialog singkat. &nbsp;Respon &nbsp;yang paling umum respon untuk pernyataan negatif adalah pernyataan positif &nbsp;yang &nbsp;mengandung sebuah kata dengan arti yang berlawanan.</span><strong><br /></strong></p><p><strong><span style=\"font-size:14px;\">Example:</span></strong><br /></p><p><span style=\"font-size:14px;\">On the recording, you hear:</span></p><p><span style=\"font-size:14px;\">(woman) &nbsp;Did you get a lot of work done at the library today?</span></p><p><span style=\"font-size:14px;\">(man) &nbsp;I couldn’t. It </span><strong><span style=\"font-size:14px;\">wasn’t very quiet</span></strong><span style=\"font-size:14px;\"> there</span></p><p><span style=\"font-size:14px;\">(narrator) &nbsp;What does the man mean?</span></p><p><em><span style=\"font-size:14px;\">In your test book, you read:</span></em></p><p><em><br /></em></p><p><strong><span style=\"font-size:14px;\">(A)</span></strong><span style=\"font-size:14px;\"> &nbsp;The library </span><strong><span style=\"font-size:14px;\">was noisy</span></strong></p><p><span style=\"font-size:14px;\">(B) &nbsp;He got a lot done</span><strong><br /></strong></p><p><span style=\"font-size:14px;\">(C) &nbsp;He couldn?t quite get to the library today</span></p><p><span style=\"font-size:14px;\">(D) &nbsp;The library?s a good place to work because it?s quite</span></p><p><em><span style=\"font-size:14px;\">Jawaban yang benar adalah jawaban (A). Jika tidak tenang di perpustakaan, berarti berisik. Perhatikan bahwa jawaban yang benar menggunakan berisik, kebalikan dari tenang.</span></em><br /></p><p><em><br /></em></p><p><strong>Skill 3: SUGGESTIONS (Saran)</strong><em><br /></em></p><p><span style=\"font-size:14px;\">Saran juga sangat umum digunakan dalam dialog singkat, perhatikan contoh dibawah.</span><strong><br /></strong></p><p><strong><span style=\"font-size:14px;\">Example:</span></strong><br /></p><p><span style=\"font-size:14px;\">On the recording, you hear:</span><strong><br /></strong></p><p><span style=\"font-size:14px;\">(man) &nbsp;I haven’t talked with my parents in a while</span></p><p><span style=\"font-size:14px;\">(woman) </span><strong><span style=\"font-size:14px;\">Why don’t you call</span></strong><span style=\"font-size:14px;\"> them now?</span></p><p><span style=\"font-size:14px;\">(narrator) What does the woman suggest?</span></p><p><em><span style=\"font-size:14px;\">In your test book, you read:</span></em><br /></p><p><span style=\"font-size:14px;\">(A) &nbsp;Calling off his visit</span><em><br /></em></p><p><span style=\"font-size:14px;\">(B) &nbsp;Talking about his parents</span></p><p><span style=\"font-size:14px;\">(C) &nbsp;Calling his parents in a while</span></p><p><span style=\"font-size:14px;\">(D) &nbsp;</span><strong><span style=\"font-size:14px;\">Phoning</span></strong><span style=\"font-size:14px;\"> his family</span></p><p><em><span style=\"font-size:14px;\">Dalam contoh ini, ekspresi &nbsp;“why not” &nbsp;merupakan &nbsp;contoh &nbsp;saran, jadi saran &nbsp;si &nbsp;wanita adalah untuk memanggil mereka. Ini berarti bahwa &nbsp;si &nbsp;wanita itu menyarankan menelepon keluarganya. Sehingga jawaban terbaik adalah (D).</span></em></p><p><em><br /></em></p><p><strong>Skill 4: PASSIVE</strong><em><br /></em></p><p><span style=\"font-size:14px;\">Kadang-kadang sulit untuk mengerti siapa atau apa yang melakukan tindakan dalam kalimat pasif. Masalah ini sering diujikan dalam dialog singkat.</span><strong><br /></strong></p><p><strong><span style=\"font-size:14px;\">Example:</span></strong><br /></p><p><span style=\"font-size:14px;\">On the recording, you hear:</span></p><p><span style=\"font-size:14px;\">(man) &nbsp;Is that a new chair?</span></p><p><span style=\"font-size:14px;\">(woman) &nbsp;Yes, </span><strong><span style=\"font-size:14px;\">we just bought it</span></strong><span style=\"font-size:14px;\"> last night</span></p><p><span style=\"font-size:14px;\">(Narrator) What does the woman mean?</span></p><p><em><span style=\"font-size:14px;\">In this test book, you read:</span></em><br /></p><p><span style=\"font-size:14px;\">(A) &nbsp;She brought the chair with her</span><em><br /></em></p><p><span style=\"font-size:14px;\">(B) &nbsp;The chair was lost for a week</span></p><p><span style=\"font-size:14px;\">(C) &nbsp;</span><strong><span style=\"font-size:14px;\">The chair was purchased</span></strong><span style=\"font-size:14px;\"> recently</span></p><p><span style=\"font-size:14px;\">(D) &nbsp;She bought the last chair from the store</span></p><p><em><span style=\"font-size:14px;\">Dalam dialog ini, si wanita menggunakan ide aktif, “kami baru saja membelinya (kursi)”. Jawaban yang benar untuk menggunakan gagasan pasif adalah “kursi itu dibeli”. Sehingga, jawaban terbaik untuk pertanyaan di atas adalah (C).</span></em><br /></p><p><em><span style=\"font-size:14px;\"><br /></span></em></p><p><span style=\"font-size:14px;\"><span style=\"font-size:16px;\"><strong>Skill 5: WHO and WHERE (Apa dan Dimana)</strong></span></span><em><span style=\"font-size:14px;\"><span style=\"font-size:16px;\"></span><br /></span></em></p><p><span style=\"font-size:14px;\"><span style=\"font-size:16px;\"><span style=\"font-size:14px;\">Keduanya sering digunakan dalam dialog singkat dengan tujuan menarik semacam kesimpulan. Dalam hal ini jawabannya tidak jelas dinyatakan, melainkan harus dapat disimpulkan berdasarkan klausa yang diberikan dalam dialog. Salah satu jenis kesimpulan yang umum di bagian tes ini adalah meminta Anda untuk menentukan siapa pembicara itu, berdasarkan clause dalam dialog.</span><strong><br /></strong></span></span></p><p><span style=\"font-size:14px;\"><span style=\"font-size:16px;\"><span style=\"font-size:14px;\"><strong>Example 1:</strong><br /></span></span></span></p><p><span style=\"font-size:14px;\"><span style=\"font-size:16px;\"><span style=\"font-size:14px;\">On the recording, you hear:<strong><br /></strong></span></span></span></p><p><span style=\"font-size:14px;\"><span style=\"font-size:16px;\"><span style=\"font-size:14px;\">(man) &nbsp;What do you do during your <strong>performance</strong>?</span></span></span></p><p><span style=\"font-size:14px;\"><span style=\"font-size:16px;\"><span style=\"font-size:14px;\">(woman) &nbsp;I play the <strong>piano and sing</strong></span></span></span></p><p><span style=\"font-size:14px;\"><span style=\"font-size:16px;\"><span style=\"font-size:14px;\">(narrator) <strong>Who</strong> is the woman most likely to be?<strong><br /></strong></span></span></span></p><p><span style=\"font-size:14px;\"><span style=\"font-size:16px;\"><span style=\"font-size:14px;\">In your test book, you hear:</span></span></span></p><p><span style=\"font-size:14px;\"><span style=\"font-size:16px;\"><span style=\"font-size:14px;\">(A) &nbsp;An athlete</span></span></span></p><p><span style=\"font-size:14px;\"><span style=\"font-size:16px;\"><span style=\"font-size:14px;\">(B) &nbsp;A member of the audience</span></span></span></p><p><span style=\"font-size:14px;\"><span style=\"font-size:16px;\"><span style=\"font-size:14px;\">(C) &nbsp;A clerk in a music store</span></span></span></p><p><span style=\"font-size:14px;\"><span style=\"font-size:16px;\"><span style=\"font-size:14px;\"><strong>(D) &nbsp;A musician</strong><br /></span></span></span></p><p><span style=\"font-size:14px;\"><span style=\"font-size:16px;\"><span style=\"font-size:14px;\"><em>Petunjuk &nbsp;piano &nbsp;dan &nbsp;bernyanyi &nbsp;dalam &nbsp;percakapan &nbsp;menggiring kita pada kesimpulan bahwa wanita itu seorang musisi sehingga (D) adalah jawaban yang benar.</em><strong><br /></strong></span></span></span></p><p><span style=\"font-size:14px;\"><span style=\"font-size:16px;\"><span style=\"font-size:14px;\"><em><br /></em></span></span></span></p><p><span style=\"font-size:14px;\"><span style=\"font-size:16px;\"><span style=\"font-size:14px;\"><strong>Example 2:</strong><em><br /></em></span></span></span></p><p><span style=\"font-size:14px;\"><span style=\"font-size:16px;\"><span style=\"font-size:14px;\">On the recording, you hear:<strong><br /></strong></span></span></span></p><p><span style=\"font-size:14px;\"><span style=\"font-size:16px;\"><span style=\"font-size:14px;\">(man) &nbsp;I’d like to open an account, please</span></span></span></p><p><span style=\"font-size:14px;\"><span style=\"font-size:16px;\"><span style=\"font-size:14px;\">(woman) &nbsp;What type of account would you like, a &nbsp;</span></span></span><span style=\"font-size:14px;\"><span style=\"font-size:16px;\"><span style=\"font-size:14px;text-decoration:underline;\">checking or savings account</span></span></span><span style=\"font-size:14px;\"><span style=\"font-size:16px;\"><span style=\"font-size:14px;\">?</span></span></span></p><p><span style=\"font-size:14px;\"><span style=\"font-size:16px;\"><span style=\"font-size:14px;\"><span style=\"font-size:14px;text-decoration:none;\">(narrator) </span></span></span></span><span style=\"font-size:14px;\"><span style=\"font-size:16px;\"><span style=\"font-size:14px;\"><span style=\"font-size:14px;text-decoration:underline;\">Where</span></span></span></span><span style=\"font-size:14px;\"><span style=\"font-size:16px;\"><span style=\"font-size:14px;\"><span style=\"font-size:14px;text-decoration:none;\"> does the conversation probably take place?</span></span></span></span></p><p><span style=\"font-size:14px;\"><span style=\"font-size:16px;\"><span style=\"font-size:14px;\"><span style=\"font-size:14px;text-decoration:none;\">In your test book, you read:</span></span></span></span></p><p><span style=\"font-size:14px;\"><span style=\"font-size:16px;\"><span style=\"font-size:14px;\"><span style=\"font-size:14px;text-decoration:none;\">(A) &nbsp;In a accounting class</span></span></span></span></p><p><span style=\"font-size:14px;\"><span style=\"font-size:16px;\"><span style=\"font-size:14px;\"><span style=\"font-size:14px;text-decoration:none;\">(B) &nbsp;</span></span></span></span><span style=\"font-size:14px;\"><span style=\"font-size:16px;\"><span style=\"font-size:14px;\"><span style=\"font-size:14px;text-decoration:underline;\">In a bank</span></span></span></span></p><p><span style=\"font-size:14px;\"><span style=\"font-size:16px;\"><span style=\"font-size:14px;\"><span style=\"font-size:14px;\"><span style=\"font-size:14px;text-decoration:none;\">(C) &nbsp;At a service station</span></span></span></span></span></p><p><span style=\"font-size:14px;\"><span style=\"font-size:16px;\"><span style=\"font-size:14px;\"><span style=\"font-size:14px;\"><span style=\"font-size:14px;text-decoration:none;\">(D) &nbsp;In a market</span></span></span></span></span></p><p><span style=\"font-size:14px;\"><span style=\"font-size:16px;\"><span style=\"font-size:14px;\"><span style=\"font-size:14px;\"><span style=\"font-size:14px;text-decoration:none;\"><br /></span></span></span></span></span></p><p><span style=\"font-size:14px;\"><span style=\"font-size:16px;\"><span style=\"font-size:14px;\"><span style=\"font-size:14px;\"><span style=\"font-size:14px;text-decoration:none;\"><span style=\"font-size:16px;text-decoration:none;\"><strong>Skill 6: AGREEMENT (Persetujuan)</strong></span></span></span></span></span></span></p><p><span style=\"font-size:14px;\">Ungkapan persetujuan &nbsp;lazim digunakan &nbsp;dalam dialog singkat. Berikut &nbsp;contoh yang &nbsp;menunjukkan perjanjian dengan pernyataan positif.</span></p><p><span style=\"font-size:14px;\"><strong>Example:</strong><br /></span></p><p><span style=\"font-size:14px;\">On the recording, you hear:<strong><br /></strong></span></p><p><span style=\"font-size:14px;\">(man) &nbsp;I thought that the meal was overpriced</span></p><p><span style=\"font-size:14px;\">(woman) &nbsp;<strong>Me, too.</strong></span></p><p><span style=\"font-size:14px;\">(narrator) What does the woman mean?</span></p><p><span style=\"font-size:14px;\">In your test book, you read:</span></p><p><span style=\"font-size:14px;\"><span style=\"font-size:16px;\"><span style=\"font-size:14px;\">(A) &nbsp;There were too many spices in the meal<em><strong><br /></strong></em></span></span></span></p><p><span style=\"font-size:14px;\"><span style=\"font-size:16px;\"><span style=\"font-size:14px;\">(B) &nbsp;She has <strong>the same opinion</strong> of the meal as the man</span></span></span></p><p><span style=\"font-size:14px;\"><span style=\"font-size:16px;\"><span style=\"font-size:14px;\">(C) &nbsp;She wants to share the man?s meal</span></span></span></p><p><span style=\"font-size:14px;\"><span style=\"font-size:16px;\"><span style=\"font-size:14px;\">(D) &nbsp;The price of the meal was great</span></span></span></p><p><span style=\"font-size:14px;\"><span style=\"font-size:16px;\"><span style=\"font-size:14px;\"><em>Ungkapan “ &nbsp;Me, too” &nbsp; &nbsp;menunjukkan persetujuan dalam hal positif. Hal ini berarti si wanita setuju dengan pendapat si laki-laki. Sehingga &nbsp;(B) &nbsp;adalah jawaban yang paling tepat.</em><br /></span></span></span></p>',1),(11,'Long Conversation','<p style=\"text-align:justify;\"><span style=\"font-size:14px;\">Pembicaraan panjang seringkali berkisar tentang beberapa beberapa aspek dari sekolah (betapa sulitnya sebuah mata kuliah, bagaimana menulis sebuah makalah penelitian, bagaimana cara mendaftar untuk kursus, dsb) atau tentang kehidupan secara umum (menyewa apartemen, bermain olahraga, pergi ke bank). Percakapan juga dapat berupa kehidupan umum di Amerika Serikat (desalinasi &nbsp;pasokan &nbsp;air, &nbsp;daur ulang produk yang digunakan, &nbsp;kerusakan &nbsp;dari &nbsp;badai &nbsp;atau &nbsp;tipe lain &nbsp;dari &nbsp;fenomena &nbsp;alam). &nbsp;Percakapan panjang akan diikuti beberapa buah pertanyaan yang merujuk dari tema yang sama.</span></p><p><strong><span style=\"font-size:14px;\">Example:</span></strong><br /></p><p><span style=\"font-size:14px;\">On the recording you hear:</span><strong><span style=\"font-size:14px;\"><br /></span></strong></p><p><em><span style=\"font-size:14px;\">(narrator)</span></em><span style=\"font-size:14px;\"> &nbsp;Question 1 through 4. Listen to a conversation between two people who are decorating an appartment.</span></p><p><em><span style=\"font-size:14px;\">(woman)</span></em><span style=\"font-size:14px;\"> &nbsp; &nbsp;Hey, Walt. Do you think you could help me <strong>hang these pictures on the wall</strong>? There are only <strong>two</strong> of them.</span></p><p><em><span style=\"font-size:14px;\">(man)</span></em><span style=\"font-size:14px;\"> &nbsp;Sure, Monica. Where do you want them to go?</span></p><p><em><span style=\"font-size:14px;\">(Woman)</span></em><span style=\"font-size:14px;\"> &nbsp;I’d like to picture of the mountains over the fireplace, and I’d like the picture of my family <strong>over the sofa</strong>. What do you think?</span></p><p><em><span style=\"font-size:14px;\">(man)</span></em><span style=\"font-size:14px;\"> I think they’ll look fine there. How about if you hold the pi ctures while <strong>I hammer the nails into the wall</strong>?</span></p><p><em><span style=\"font-size:14px;\">(woman)</span></em><span style=\"font-size:14px;\"> Okay. Let’s start with the picture of my family.</span></p><p><span style=\"font-size:14px;\"><br /></span></p><p><span style=\"font-size:14px;\"><strong>Questions:</strong></span></p><p><span style=\"font-size:14px;\">1. &nbsp;On the recording you hear:<strong><br /></strong></span></p><p><span style=\"font-size:14px;\"> &nbsp; &nbsp; (narrator) What are the man and woman discussing?</span></p><p><span style=\"font-size:14px;\"> &nbsp; &nbsp; In your test book you read:</span></p><p><span style=\"font-size:14px;\"> &nbsp; &nbsp; (A) Taking some pictures</span></p><p><span style=\"font-size:14px;\"> &nbsp; &nbsp; (B) Hanging some plants</span></p><p><span style=\"font-size:14px;\"> &nbsp; &nbsp; (C) Taking a trip to the mountains</span></p><p><span style=\"font-size:14px;\"> &nbsp; &nbsp; (D) <strong>Putting some pictures on the wall</strong></span></p><p><span style=\"font-size:14px;\"><em> &nbsp; &nbsp; Karena si wanita meminta si pria itu untuk membantu menggantung gambar-gambar di dinding, jawaban terbaik untuk pertanyaan ini adalah jawaban ini (D), menarik beberapa gambar di dinding.</em><strong><br /></strong></span></p><p><span style=\"font-size:14px;\"><em><br /></em></span></p><p><span style=\"font-size:14px;\">2. &nbsp;On the recording you hear:<em><br /></em></span></p><p><span style=\"font-size:14px;\"> &nbsp; &nbsp; (narrator) How many pictures are there?</span></p><p><span style=\"font-size:14px;\"> &nbsp; &nbsp; In your test book you read:</span></p><p><span style=\"font-size:14px;\"> &nbsp; &nbsp; (A) One</span></p><p><span style=\"font-size:14px;\"> &nbsp; &nbsp; (B) <strong>Two</strong></span></p><p><span style=\"font-size:14px;\">(C) Three</span></p><p><span style=\"font-size:14px;\"> &nbsp; &nbsp; (D) Four</span></p><p><span style=\"font-size:14px;\"><em>Pertanyaan kedua bertanya berapa banyak gambar yang ada, dan si wanita dengan jelas mengatakan bahwa ada dua, jadi jawaban terbaik adalah jawaban (B).</em></span></p><p><span style=\"font-size:14px;\">3. &nbsp;On the recording you hear:<em><br /></em></span></p><p><span style=\"font-size:14px;\"> &nbsp; &nbsp; (narrator) Where is the picture of the woman?s family going?</span></p><p><span style=\"font-size:14px;\"> &nbsp; &nbsp; In your test book you read:</span></p><p><span style=\"font-size:14px;\"> &nbsp; &nbsp; (A) in the fireplace</span></p><p><span style=\"font-size:14px;\"> &nbsp; &nbsp; (B) <strong>Above the sofa</strong></span></p><p><span style=\"font-size:14px;\">(C) Home with Walt<strong><br /></strong></span></p><p><span style=\"font-size:14px;\"> &nbsp; &nbsp; (D) To the top of the mountain</span></p><p><span style=\"font-size:14px;\"><em>Pertanyaan ketiga bertanya &nbsp;tentang lokasi &nbsp;gambar keluarga. Wanita itu mengatakan bahwa dia akan &nbsp;meletakkannya di &nbsp;atas sofa, jadi jawaban terbaik untuk pertanyaan ini adalah jawaban (B), di atas sofa.</em><br /></span></p><p><span style=\"font-size:14px;\"><em><br /></em></span></p><p><span style=\"font-size:14px;\">4. &nbsp;On the recording you hear:<em><br /></em></span></p><p><span style=\"font-size:14px;\"> &nbsp; &nbsp; (narrator) What is Walt probably going to do next?</span></p><p><span style=\"font-size:14px;\"> &nbsp; &nbsp; In your test book you read:</span></p><p><span style=\"font-size:14px;\"> &nbsp; &nbsp; (A) Sit on the sofa</span></p><p><span style=\"font-size:14px;\"> &nbsp; &nbsp; (B) Photograph Monica?s family</span></p><p><span style=\"font-size:14px;\"> &nbsp; &nbsp; (C) <strong>Hammer the nails into the walls</strong></span></p><p><span style=\"font-size:14px;\"><strong> &nbsp; &nbsp; </strong>(D) Climb the walls<strong><br /></strong></span></p><p><span style=\"font-size:14px;\"> &nbsp; &nbsp; <em>Pertanyaan terakhir menanyakan apa &nbsp;yang &nbsp;mungkin akan &nbsp;dilakukan &nbsp;oleh Walt. Walt telah menyarankan bahwa ia harus &nbsp;memasang &nbsp;paku-paku ke dinding, jadi jawaban terbaik adalah jawaban (C).</em><br /></span></p>',1),(12,'Long Talks ( Contoh Update )','<p><span style=\"font-size:14px;\">Topik pembicaraan sering tentang beberapa aspek kehidupan sekolah atau topik dalam berita. &nbsp;Pembicaraan &nbsp;panjang bisa juga &nbsp;diperpendek &nbsp;dengan tema perkuliah di perguruan tinggi Amerika dan universitas &nbsp;luar negeri lainnya. &nbsp;Dari sebuah long talks akan diberikan beberapa pertanyaan dalam tema yang sama.</span></p><p><strong><span style=\"font-size:14px;\">Example:</span></strong><br /></p><p><span style=\"font-size:14px;\">On the recording, you hear:</span><strong><br /></strong></p><p><em><span style=\"font-size:14px;\">(narrator)</span></em><span style=\"font-size:14px;\"> Question 1 through 4. Listen to a lecture in a history class</span></p><p><em><span style=\"font-size:14px;\">(woman)</span></em><span style=\"text-decoration:underline;font-size:14px;\">Salt</span><span style=\"font-size:14px;\">, which today seems so plentiful to us, in the past used to be a valuable commodity. In the ancient past in China, salt was used to </span><span style=\"text-decoration:underline;font-size:14px;\">make coins</span><span style=\"font-size:14px;\">, and in parts of Africa it was traded in place of money. In the Roman Empire, soldiers were not paid in money but were instead paid in salt. &nbsp;In fact, the English word “salary” which means the amount of money that one earns, comes from the latin root for “</span><span style=\"text-decoration:underline;font-size:14px;\">salt</span><span style=\"font-size:14px;\">”.</span></p><p><br /></p><p><strong><span style=\"font-size:14px;\">Questions:</span></strong><br /></p><p><span style=\"font-size:14px;\">1. &nbsp;On the recording, you hear:</span><strong><br /></strong></p><p><span style=\"font-size:14px;\"> &nbsp; &nbsp; (narrator) What is the topic of the talk?</span></p><p><span style=\"font-size:14px;\"> &nbsp; &nbsp; In your test book, you read:</span></p><p><span style=\"font-size:14px;\"> &nbsp; &nbsp; (A) Valuable commodities</span></p><p><span style=\"font-size:14px;\"> &nbsp; &nbsp; (B) </span><strong><span style=\"font-size:14px;\">Salt</span></strong></p><p><strong><span style=\"font-size:14px;\"></span></strong><span style=\"font-size:14px;\">(C) Ancient China</span><strong><br /></strong></p><p><span style=\"font-size:14px;\"> &nbsp; &nbsp; (D) Money</span></p><p><span style=\"font-size:14px;\"></span><em><span style=\"font-size:14px;\">Pertanyaan pertama menanyakan tentang &nbsp;topik pembicaraan. Pembicaraan dimulaidengan topik &nbsp;garam dan terus berbicara tentang hal itu di seluruh bagian, jadi jawaban terbaik adalah jawaban (B).</span></em><br /></p><p><span style=\"font-size:14px;\"></span><em><span style=\"font-size:14px;\"><br /></span></em></p><p><span style=\"font-size:14px;\">2. &nbsp;On the recording, you hear:</span></p><p><span style=\"font-size:14px;\"> &nbsp; &nbsp; (narrator) What was salt used for in China?</span></p><p><span style=\"font-size:14px;\"> &nbsp; &nbsp; In your test book, you read:</span></p><p><span style=\"font-size:14px;\"> &nbsp; &nbsp; (A) To spice food</span></p><p><span style=\"font-size:14px;\"> &nbsp; &nbsp; (B) To build houses</span></p><p><span style=\"font-size:14px;\"> &nbsp; &nbsp; (C) <strong>To make coins</strong></span></p><p><span style=\"font-size:14px;\"> &nbsp; &nbsp; (D) To locate Africa</span></p><p><span style=\"font-size:14px;\"><em>Pertanyaan kedua menanyakan tentang penggunaan garam di Cina. Pembicara mengatakan bahwa di Cina, Garam digunakan untuk untuk membuat koin, jadi jawaban terbaik adalah jawaban (C).</em><br /></span></p><p><br /></p><p><span style=\"font-size:14px;\">3. &nbsp;On the recording, you hear:</span><br /></p><p><span style=\"font-size:14px;\"> &nbsp; &nbsp; (narrator) What does “salary” mean in English?</span></p><p><span style=\"font-size:14px;\"> &nbsp; &nbsp; In your test book, you read:</span></p><p><span style=\"font-size:14px;\"> &nbsp; &nbsp; (A) Coins</span></p><p><span style=\"font-size:14px;\"> &nbsp; &nbsp; (B) <strong>Earnings</strong></span></p><p><span style=\"font-size:14px;\">(C) Soldiers<strong><br /></strong></span></p><p><span style=\"font-size:14px;\"> &nbsp; &nbsp; (D) Commodities</span></p><p><em style=\"font-size:14px;\"> &nbsp; &nbsp; Pertanyaan ketiga menanyakan arti dari &quot;gaji&quot;. Pembicara mengatakan gaji yang berarti jumlah uang, jadi jawaban terbaik adalah jawaban (B).</em></p><p><br /></p><p><span style=\"font-size:14px;\">4. &nbsp;On the recording you hear:</span><br /></p><p><span style=\"font-size:14px;\"> &nbsp; &nbsp; (narrator) What is the meaning of the root “sal” in Latin?</span></p><p><span style=\"font-size:14px;\"> &nbsp; &nbsp; In your test book, you read:</span></p><p><span style=\"font-size:14px;\"> &nbsp; &nbsp; (A) <strong>Salt</strong></span></p><p><span style=\"font-size:14px;\">(B) Rome<strong><br /></strong></span></p><p><span style=\"font-size:14px;\"> &nbsp; &nbsp; (C) Money</span></p><p><span style=\"font-size:14px;\"> &nbsp; &nbsp; (D) Trade</span></p><p><span style=\"font-size:14px;\"><em>Pertanyaan terakhir menanyakan tentang &nbsp;arti &nbsp;akar kata &nbsp;dari &quot;sal&quot;. Pembicara mengatakan bahwa &quot;sal&quot; berasal dari akar bahasa Latin untuk &quot;garam, jadi jawaban terbaik adalah jawaban (A).</em><br /></span></p>',1),(13,'abcdeff','<p>hello world!<br /></p>',2),(14,'cdefgh','<p>hello there!<br /></p>',2),(15,'Coba 1','<p>This Topic <br /></p><p>is about</p><p>Hello world!</p><p>Hello World?<br /></p>',1);

/*Table structure for table `t_user` */

DROP TABLE IF EXISTS `t_user`;

CREATE TABLE `t_user` (
  `username` varchar(30) NOT NULL,
  `password` varchar(40) NOT NULL,
  `no_induk` varchar(11) NOT NULL,
  `nama` varchar(50) NOT NULL,
  `email` varchar(30) NOT NULL,
  `t_lahir` date NOT NULL,
  `foto` varchar(30) DEFAULT NULL,
  `gender` char(1) NOT NULL,
  `alamat` varchar(50) NOT NULL,
  PRIMARY KEY (`username`)
) ENGINE=InnoDB DEFAULT CHARSET=latin1;

/*Data for the table `t_user` */

insert  into `t_user`(`username`,`password`,`no_induk`,`nama`,`email`,`t_lahir`,`foto`,`gender`,`alamat`) values ('admin','21232f297a57a5a743894a0e4a801fc3','1111111','Kisno Sinoda','if@del.ac.id','2014-05-01','1466-Presiden selfie.jpg','L','anywhere'),('Demo','ee54cfe4ad8d2dddf15f2d72b7de5320','123','Demo','Demo@del.ac.id','2014-05-01','5371-LAMBOT.jpg','L','DEmo'),('if412011','bbfb3b97637d3caa18d4f73c6bf1b3b6','21112011','Jerry Corbert','jcsinaga@gmail.com','1994-01-10','8652-SA.jpg','L','anywhere'),('jumper2012','5ae4879674e345e80df9b4b84a76f189','21112110','Jerry Corbert','jcsinaga@gmail.com','2014-06-16','4715-I-Can-Talk.mp3','L','AXANKJN'),('kisno','fda6f98b76a21cebc044968f4247e900','0116108501','kisno','d.shinoda85@gmail.com','1985-10-16','1799-','L','Jl. Jogjakarta no. 09, Pematangsiantar'),('Kristopel Martin','45d374345b8b2065cd42e1d1ff50f28c','21112028','Kristopel Martin Lumbantoruan','martinkristopel@hotmail.com','1994-03-20','5591-3.jpg','L','Jln. Pintu Air IV Gg. Bangun No. 11 Medan'),('land','land','312043','Landrainhard','if312043@students.del.ac.id','1994-01-10','2434-','L','Laguboti'),('land2','land2','32','Landrain','if312040@students.del.ac.id','1985-10-16','8959-','L','Laguboti'),('land3','fca372ec4e79fa414f78fa26bd58e276','31','Landrainhard ajah','if312039@students.del.ac.id','1994-03-08','649-','L','Laguboti'),('Test123','cc03e747a6afbbcbf8be7668acfebee5','111111112','no name','noname@gmail.com','1994-01-10','3016-IMG_7636.JPG','L','Anywhere'),('Test321','ee53d4213c897ad632bb8d824762f918','12345612','Jerry Corbert Sinaga','jcsinaga@gmail.com','2014-06-17','4696-051.jpg','L','Jl. Jogjakarta no. 09, Pematangsiantar');

/*!40101 SET SQL_MODE=@OLD_SQL_MODE */;
/*!40014 SET FOREIGN_KEY_CHECKS=@OLD_FOREIGN_KEY_CHECKS */;
/*!40014 SET UNIQUE_CHECKS=@OLD_UNIQUE_CHECKS */;
/*!40111 SET SQL_NOTES=@OLD_SQL_NOTES */;
